{
  "poolId": "basic",
  "cost": { "coin": 50 },
  "entries": [
    { "cosmeticId": "bunhair.blank1",      "weight": 60, "rarity": "N"  },
    { "cosmeticId": "shirts.blank1",       "weight": 60, "rarity": "N"  },
    { "cosmeticId": "dress.blank1",        "weight": 60, "rarity": "N"  },
    { "cosmeticId": "bag.blank1",          "weight": 20, "rarity": "R"  },
    { "cosmeticId": "bowtie.blank1",       "weight": 20, "rarity": "R"  },
    { "cosmeticId": "necklace.copper1",    "weight":  8, "rarity": "SR" },
    { "cosmeticId": "scarf.blank1",         "weight":  8, "rarity": "SR" },
    { "cosmeticId": "bow.blank1",          "weight":  2, "rarity": "SSR"}
  ]
}
