{
  "body.blank1": {
    "id": "body.blank1",
    "name": "피부 [하양]",
    "slot": "Body",
    "src": "https://unluckyidiot16.github.io/assets-common/QuizRpg/Layer0_Body/Layer0_Body_Blank1.png",
    "rarity": "common",
    "active": true
  },
  "face.regular1": {
    "id": "face.regular1",
    "name": "표정 [보통]",
    "slot": "Face",
    "src": "https://unluckyidiot16.github.io/assets-common/QuizRpg/Layer1_Face/Layer1_Face_Regular1.png",
    "rarity": "common",
    "active": true
  },
  "bodysuit.null": {
    "id": "bodysuit.null",
    "name": "없음",
    "slot": "BodySuit",
    "src": "https://unluckyidiot16.github.io/assets-common/QuizRpg/Layer2_BodySuit/Layer2_BodySuit_Null.png",
    "rarity": "common",
    "active": true
  },
  "bodysuit.blank1": {
    "id": "bodysuit.blank1",
    "name": "몸통 [하양]",
    "slot": "BodySuit",
    "src": "https://unluckyidiot16.github.io/assets-common/QuizRpg/Layer2_BodySuit/Layer2_BodySuit_Blank1.png",
    "rarity": "uncommon",
    "active": false
  },
  "pants.null": {
    "id": "pants.null",
    "name": "없음",
    "slot": "Pants",
    "src": "https://unluckyidiot16.github.io/assets-common/QuizRpg/Layer3_Pants/Layer3_Pants_Null.png",
    "rarity": "common",
    "active": true
  },
  "pants.blank1": {
    "id": "pants.blank1",
    "name": "바지 [하양]",
    "slot": "Pants",
    "src": "https://unluckyidiot16.github.io/assets-common/QuizRpg/Layer3_Pants/Layer3_Pants_Blank1.png",
    "rarity": "uncommon",
    "active": false
  },
  "shoes.null": {
    "id": "shoes.null",
    "name": "없음",
    "slot": "Shoes",
    "src": "https://unluckyidiot16.github.io/assets-common/QuizRpg/Layer4_Shoes/Layer4_Shoes_Null.png",
    "rarity": "common",
    "active": true
  },
  "shoes.blank1": {
    "id": "shoes.blank1",
    "name": "신발 [하양]",
    "slot": "Shoes",
    "src": "https://unluckyidiot16.github.io/assets-common/QuizRpg/Layer4_Shoes/Layer4_Shoes_Blank1.png",
    "rarity": "uncommon",
    "active": false
  },
  "clothes.Null": {
    "id": "clothes.Null",
    "name": "없음",
    "slot": "Clothes",
    "src": "https://unluckyidiot16.github.io/assets-common/QuizRpg/Layer5_Clothes/Layer5_Clothes_Null.png",
    "rarity": "common",
    "active": true
  },
  "dress.blank1": {
    "id": "dress.blank1",
    "name": "드레스 [하양]",
    "slot": "Clothes",
    "src": "https://unluckyidiot16.github.io/assets-common/QuizRpg/Layer5_Clothes/Layer5_Dress_Blank1.png",
    "rarity": "uncommon",
    "active": false
  },
  "shirts.blank1": {
    "id": "shirts.blank1",
    "name": "셔츠 [하양]",
    "slot": "Clothes",
    "src": "https://unluckyidiot16.github.io/assets-common/QuizRpg/Layer5_Clothes/Layer5_Shirt_Blank1.png",
    "rarity": "uncommon",
    "active": false
  },
  "sleeve.Null": {
    "id": "sleeve.Null",
    "name": "없음",
    "slot": "Sleeves",
    "src": "https://unluckyidiot16.github.io/assets-common/QuizRpg/Layer6_Sleeves/Layer6_Sleeves_Null.png",
    "rarity": "common",
    "active": true
  },
  "sleeve.blank1": {
    "id": "sleeve.blank1",
    "name": "소매 [하양]",
    "slot": "Sleeves",
    "src": "https://unluckyidiot16.github.io/assets-common/QuizRpg/Layer6_Sleeves/Layer6_Sleeves_Blank1.png",
    "rarity": "uncommon",
    "active": false
  },
  "necklace.Null": {
    "id": "necklace.Null",
    "name": "없음",
    "slot": "Necklace",
    "src": "https://unluckyidiot16.github.io/assets-common/QuizRpg/Layer7_Necklace/Layer7_Necklace_Null.png",
    "rarity": "common",
    "active": true
  },
  "necklace.copper1": {
    "id": "necklace.copper1",
    "name": "목걸이 [구리]",
    "slot": "Necklace",
    "src": "https://unluckyidiot16.github.io/assets-common/QuizRpg/Layer7_Necklace/Layer7_Necklace_Copper1.png",
    "rarity": "epic",
    "active": false
  },
  "bag.Null": {
    "id": "bag.Null",
    "name": "없음",
    "slot": "Bag",
    "src": "https://unluckyidiot16.github.io/assets-common/QuizRpg/Layer8_Bag/Layer8_Bag_Null.png",
    "rarity": "common",
    "active": true
  },
  "bag.blank1": {
    "id": "bag.blank1",
    "name": "가방 [하양]",
    "slot": "Bag",
    "src": "https://unluckyidiot16.github.io/assets-common/QuizRpg/Layer8_Bag/Layer8_Bag_Blank1.png",
    "rarity": "rare",
    "active": false
  },
  "scarf.Null": {
    "id": "scarf.Null",
    "name": "없음",
    "slot": "Scarf",
    "src": "https://unluckyidiot16.github.io/assets-common/QuizRpg/Layer9_Scarf/Layer9_Scarf_Null.png",
    "rarity": "common",
    "active": true
  },
  "scarf.blank1": {
    "id": "scarf.blank1",
    "name": "목도리 [하양]",
    "slot": "Scarf",
    "src": "https://unluckyidiot16.github.io/assets-common/QuizRpg/Layer9_Scarf/Layer9_Scarf_Blank1.png",
    "rarity": "epic",
    "active": false
  },
  "bowtie.Null": {
    "id": "bowtie.Null",
    "name": "없음",
    "slot": "Bowtie",
    "src": "https://unluckyidiot16.github.io/assets-common/QuizRpg/Layer10_Bowtie/Layer10_Bowtie_Null.png",
    "rarity": "common",
    "active": true
  },
  "bowtie.blank1": {
    "id": "bowtie.blank1",
    "name": "넥타이 [하양]",
    "slot": "Bowtie",
    "src": "https://unluckyidiot16.github.io/assets-common/QuizRpg/Layer10_Bowtie/Layer10_Bowtie_Blank1.png",
    "rarity": "rare",
    "active": false
  },
  "hair.Null": {
    "id": "hair.Null",
    "name": "없음",
    "slot": "Hair",
    "src": "https://unluckyidiot16.github.io/assets-common/QuizRpg/Layer11_Hair/Layer11_Hair_Null.png",
    "rarity": "common",
    "active": true
  },
  "bunhair.blank1": {
    "id": "bunhair.blank1",
    "name": "묶은 머리 [하양]",
    "slot": "Hair",
    "src": "https://unluckyidiot16.github.io/assets-common/QuizRpg/Layer11_Hair/Layer11_BunHair_Blank1.png",
    "rarity": "common",
    "active": false
  },
  "Hat.Null": {
    "id": "Hat.Null",
    "name": "없음",
    "slot": "Hat",
    "src": "https://unluckyidiot16.github.io/assets-common/QuizRpg/Layer12_Hat/Layer12_Hat_Null.png",
    "rarity": "common",
    "active": true
  },
  "bow.blank1": {
    "id": "bow.blank1",
    "name": "리본 [하양]",
    "slot": "Hat",
    "src": "https://unluckyidiot16.github.io/assets-common/QuizRpg/Layer12_Hat/Layer12_Bow_Blank1.png",
    "rarity": "legendary",
    "active": false
  }
}